row_id,Prediction,Actual
0,0.303171205,1
1,0.239810274,0
2,0.375597908,0
3,0.181754954,1
4,0.209790453,0
5,0.751698821,1
6,0.302519821,0
7,0.735293488,1
8,0.254448314,0
9,0.455887398,0
10,0.278020713,0
11,0.239719748,0
12,0.327504127,0
13,0.260101787,0
14,0.495028684,1
15,0.232134748,0
16,0.242630379,1
17,0.204713968,0
18,0.14090924,0
19,0.069184291,0
20,0.113586316,0
21,0.109751049,0
22,0.082023837,0
23,0.123483328,0
24,0.105294376,0
25,0.089131663,0
26,0.069749939,0
27,0.167424203,0
28,0.115754453,1
29,0.099445926,1
30,0.113463597,0
31,0.068325315,0
32,0.104705238,0
33,0.151100878,1
34,0.121839066,0
35,0.105267672,0
36,0.067728143,0
37,0.09443108,0
38,0.091203152,0
39,0.132497138,1
40,0.108658936,0
41,0.072107262,0
42,0.041809909,0
43,0.13492246,0
44,0.081208209,0
45,0.109554597,0
46,0.095908117,0
47,0.093793591,0
48,0.181703104,0
49,0.188449205,0
50,0.068873527,1
51,0.080664544,1
52,0.180987473,0
53,0.121523489,0
54,0.236657596,0
55,0.143017504,0
56,0.094760866,0
57,0.274555709,1
58,0.079715189,0
59,0.047589804,0
60,0.059218754,0
61,0.048214983,0
62,0.073545611,0
63,0.2100279,0
64,0.118145449,0
65,0.065407196,0
66,0.113451553,1
67,0.038668278,0
68,0.059126217,0
69,0.086629532,0
70,0.284354531,0
71,0.042611813,0
72,0.040049544,0
73,0.090576436,0
74,0.094638271,0
75,0.077668125,0
76,0.045950885,0
77,0.100896919,0
78,0.087634877,0
79,0.120508784,0
80,0.047209785,0
81,0.052790216,0
82,0.069254037,0
83,0.049297435,0
84,0.064811215,0
85,0.096605703,0
86,0.033122466,0
87,0.098167123,0
88,0.059674857,0
89,0.063973235,0
90,0.172982702,0
91,0.218408796,0
92,0.072236081,0
93,0.052933914,0
94,0.035966596,0
95,0.10858224,1
96,0.0438395,1
97,0.071909159,0
98,0.064520106,0
99,0.031226838,0
100,0.034817494,0
101,0.037052705,0
102,0.085708625,0
103,0.068662489,0
104,0.069359915,0
105,0.072431697,0
106,0.097971558,0
107,0.21201985,0
108,0.037570682,0
109,0.07917461,0
110,0.046105479,0
111,0.146396872,0
112,0.05014963,0
113,0.0328016,0
114,0.04707893,0
115,0.141517771,0
116,0.046191599,0
117,0.102033278,0
118,0.136643666,0
119,0.093666024,0
120,0.120212945,0
121,0.040903947,0
122,0.050836109,0
123,0.117863008,0
124,0.072895702,0
125,0.05154678,0
126,0.254815998,0
127,0.032553537,0
128,0.055468861,0
129,0.06513198,0
130,0.048691117,0
131,0.051916392,0
132,0.048881915,0
133,0.061108538,0
134,0.042022276,0
135,0.086153039,0
136,0.036431232,0
137,0.086270936,0
138,0.087794845,1
139,0.053502223,0
140,0.06169151,0
141,0.081322647,0
142,0.034306191,0
143,0.04446849,0
144,0.079250693,0
145,0.070084563,0
146,0.037611422,0
147,0.102550137,0
148,0.064799782,0
149,0.050204816,0
150,0.043677649,0
151,0.066058104,0
152,0.061470177,0
153,0.067735179,0
154,0.190023092,0
155,0.145821411,0
156,0.04130464,0
157,0.049576187,0
158,0.063140669,0
159,0.048215297,1
160,0.075451986,0
161,0.088639885,0
162,0.07356967,0
163,0.078806489,0
164,0.044207463,0
165,0.064888239,0
166,0.040757165,0
167,0.027651204,0
168,0.043558732,0
169,0.042586585,0
170,0.081486504,0
171,0.134780355,1
172,0.037993334,0
173,0.045541626,0
174,0.035152921,0
175,0.156156029,0
176,0.047034608,1
177,0.045017626,1
178,0.042059408,0
179,0.070540322,0
180,0.03512658,0
181,0.037978374,0
182,0.031534595,0
183,0.082419998,0
184,0.043079362,0
185,0.040625548,0
186,0.034059685,0
187,0.036595207,0
188,0.051457391,0
189,0.065479541,0
190,0.287642441,1
191,0.068257187,0
192,0.071563598,0
193,0.11759216,0
194,0.064137867,0
195,0.069328905,0
196,0.042586585,0
197,0.121915806,0
198,0.071425417,0
199,0.027033042,0
200,0.086223156,0
201,0.044263242,0
202,0.054294392,0
203,0.032136637,0
204,0.075215072,0
205,0.057763227,0
206,0.099404379,1
207,0.077702363,0
208,0.038209033,0
209,0.080100354,0
210,0.069835738,0
211,0.087392547,0
212,0.047608465,0
213,0.039186851,0
214,0.035109769,0
215,0.036800619,0
216,0.040295679,0
217,0.210841433,1
218,0.038303766,0
219,0.042147965,0
220,0.074161219,0
221,0.048641399,0
222,0.078786441,1
223,0.085269252,0
224,0.07894154,0
225,0.250378719,0
226,0.078482161,0
227,0.074205104,0
228,0.064927783,0
229,0.034205843,0
230,0.045086587,0
231,0.066246294,0
232,0.029890122,0
233,0.085891228,0
234,0.071707954,0
235,0.046337069,0
236,0.088465321,1
237,0.028668752,0
238,0.046094855,0
239,0.029622025,0
240,0.067137539,0
241,0.048508791,0
242,0.043767779,0
243,0.085225123,0
244,0.061304298,0
245,0.044275116,0
246,0.067950032,0
247,0.061986844,0
248,0.079996927,0
249,0.042248004,0
250,0.038028085,0
251,0.101001294,0
252,0.086655634,0
253,0.074315429,0
254,0.10589847,0
255,0.031974838,0
256,0.041529302,0
257,0.047532597,0
258,0.034245688,0
259,0.059498945,0
260,0.034688892,0
261,0.035203224,0
262,0.038303766,0
263,0.065195424,0
264,0.102130418,0
265,0.056653195,0
266,0.044563026,0
267,0.041048806,0
268,0.044905955,0
269,0.080164947,0
270,0.045530425,0
271,0.053907804,1
272,0.075678837,0
273,0.098827597,0
274,0.051341262,0
275,0.074208372,0
276,0.080942412,0
277,0.061067694,0
278,0.046243415,0
279,0.043099751,0
280,0.059842682,0
281,0.050097717,0
282,0.049196061,0
283,0.050995476,0
284,0.033947095,0
285,0.070068952,0
286,0.083365206,1
287,0.073699702,0
288,0.113090452,0
289,0.039337034,0
290,0.035036569,0
291,0.027672101,1
292,0.041352397,0
293,0.033908212,1
294,0.054781329,0
295,0.058896997,0
296,0.098346214,0
297,0.03170726,0
298,0.083191521,0
299,0.035870802,0
300,0.046386141,0
301,0.080315844,1
302,0.063878965,0
303,0.061788137,0
304,0.122196974,0
305,0.042248004,0
306,0.04543983,0
307,0.034059685,0
308,0.039356235,0
309,0.048951783,1
310,0.056358188,0
311,0.051307991,0
312,0.04544692,0
313,0.052129573,0
314,0.055346247,0
315,0.111101189,0
316,0.087853412,0
317,0.087856775,0
318,0.04252986,0
319,0.043410783,0
320,0.04155236,1
321,0.039881717,0
322,0.038985826,0
323,0.03276567,0
324,0.059334923,0
325,0.060689588,0
326,0.030134783,0
327,0.039099406,0
328,0.064910889,0
329,0.041904642,0
330,0.177988718,0
331,0.0490765,0
332,0.065400059,0
333,0.043278516,0
334,0.109461085,1
335,0.026032175,0
336,0.055242064,0
337,0.037978374,0
338,0.064876065,0
339,0.060394604,0
340,0.043038581,0
341,0.033783426,0
342,0.035152921,0
343,0.078465124,0
344,0.065924577,1
345,0.038987608,0
346,0.037612412,0
347,0.058477857,0
348,0.078979654,0
349,0.032862917,0
350,0.050863623,0
351,0.039337034,0
352,0.027419144,0
353,0.062447438,0
354,0.064327044,0
355,0.032873926,0
356,0.055400733,0
357,0.058507116,0
358,0.048757454,0
359,0.057162892,0
360,0.046410365,0
361,0.060780667,0
362,0.07253919,0
363,0.04896893,0
364,0.066528305,0
365,0.159284724,0
366,0.044912203,0
367,0.073961954,0
368,0.069124575,0
369,0.107141914,0
370,0.050496651,0
371,0.044912203,0
372,0.083688814,0
373,0.078240366,0
374,0.082421968,1
375,0.073482409,0
376,0.030712124,0
377,0.089708173,0
378,0.061067694,0
379,0.042897376,0
380,0.094439853,0
381,0.045987819,0
382,0.046337069,0
383,0.052990936,0
384,0.062654999,0
385,0.04061233,0
386,0.082419998,0
387,0.050544558,0
388,0.037984009,0
389,0.043489127,0
390,0.050338128,0
391,0.063582721,0
392,0.068348347,0
393,0.072965073,0
394,0.065745466,0
395,0.043349958,0
396,0.048982837,0
397,0.064327044,0
398,0.041979837,0
399,0.104881913,1
400,0.061662196,0
401,0.036679312,0
402,0.077434929,0
403,0.052805164,0
404,0.037934515,0
405,0.056760298,0
406,0.054023154,0
407,0.075277107,0
408,0.064327044,0
409,0.037722082,0
410,0.03612852,0
411,0.055346247,0
412,0.065491574,0
413,0.054251017,0
414,0.045096769,0
415,0.032281025,0
416,0.04543983,0
417,0.05723333,0
418,0.039373577,0
419,0.037779785,0
420,0.057474303,0
421,0.069997144,0
422,0.066356043,0
423,0.095075352,0
424,0.044912203,0
425,0.044912203,0
426,0.076553186,0
427,0.070002449,0
428,0.065719431,0
429,0.033723978,0
430,0.031534595,0
431,0.052757781,0
432,0.052775282,0
433,0.037583332,0
434,0.062623427,0
435,0.031155191,0
436,0.08264729,0
437,0.044204505,0
438,0.058254851,0
439,0.039117823,0
440,0.043470183,0
441,0.043257682,0
442,0.055346247,0
443,0.033947095,0
444,0.034131064,0
445,0.038111005,0
446,0.062713737,0
447,0.069328905,0
448,0.086077477,0
449,0.031141253,0
450,0.034605321,0
451,0.043489127,0
452,0.038630022,0
453,0.064137867,0
454,0.029521086,0
455,0.09977037,0
456,0.057983537,1
457,0.051949199,0
458,0.059265408,0
459,0.037516279,0
460,0.088715458,0
461,0.110030974,0
462,0.058514292,0
463,0.03551751,0
464,0.039117823,0
465,0.052565292,0
466,0.073336388,0
467,0.229644111,0
468,0.034079493,0
469,0.037337602,0
470,0.093733636,0
471,0.070115598,0
472,0.594215793,0
473,0.051475893,0
474,0.056212866,0
475,0.032768155,0
476,0.040616705,0
477,0.033477734,0
478,0.062800746,0
479,0.054924997,0
480,0.062705783,0
481,0.0557792,0
482,0.035821683,0
483,0.045005333,0
484,0.046637732,0
485,0.046461025,0
486,0.051273741,0
487,0.056742723,0
488,0.059694342,0
489,0.060186483,0
490,0.0775532,1
491,0.056593419,0
492,0.053956071,0
493,0.044379224,0
494,0.058132182,0
495,0.093366878,0
496,0.081004451,0
497,0.066520964,0
498,0.073924496,0
499,0.042107827,0
500,0.036710853,0
501,0.066606634,0
502,0.048278904,0
503,0.073967093,0
504,0.039460761,0
505,0.060358652,0
506,0.145460029,0
507,0.030436799,0
508,0.040746524,0
509,0.03170726,0
510,0.073464605,0
511,0.05140846,0
512,0.090795218,0
513,0.045418663,0
514,0.072495896,0
515,0.075058311,0
516,0.131900767,0
517,0.040985834,0
518,0.042586585,0
519,0.039243611,0
520,0.051940552,0
521,0.05093458,0
522,0.034616538,0
523,0.069328905,0
524,0.035259372,0
525,0.037061998,0
526,0.048531464,0
527,0.05266296,0
528,0.182596533,1
529,0.04054277,1
530,0.078986004,0
531,0.028852272,0
532,0.044732315,0
533,0.036999754,0
534,0.0680617,0
535,0.034552959,0
536,0.094934372,0
537,0.062821645,0
538,0.04480728,0
539,0.033947095,0
540,0.045013729,0
541,0.04962137,0
542,0.035254126,0
543,0.046839676,0
544,0.0508055,0
545,0.073608118,0
546,0.057078936,0
547,0.056771144,0
548,0.040071142,0
549,0.044417625,0
550,0.043009315,0
551,0.048525539,0
552,0.038543013,0
553,0.074014803,0
554,0.036800619,0
555,0.046540858,0
556,0.04543983,0
557,0.04543983,0
558,0.04543983,0
559,0.061905897,0
560,0.046925079,0
561,0.060200302,0
562,0.036527924,0
563,0.045616202,0
564,0.051783586,0
565,0.040519363,0
566,0.060360456,0
567,0.053937319,0
568,0.042223656,0
569,0.068052738,0
570,0.063861987,0
571,0.051662199,0
572,0.059229445,0
573,0.119585403,1
574,0.106662393,0
575,0.222190631,1
576,0.176714349,0
577,0.051938637,0
578,0.047633329,0
579,0.029524151,0
580,0.083702325,0
581,0.04036951,0
582,0.059924601,0
583,0.046001717,0
584,0.03835475,0
585,0.038310654,0
586,0.079024275,0
587,0.036353585,0
588,0.055757179,0
589,0.037567563,0
590,0.049190937,0
591,0.030802032,0
592,0.04707245,0
593,0.03037743,0
594,0.039132274,0
595,0.050101799,0
596,0.042586585,0
597,0.040739154,0
598,0.039644131,0
599,0.041810964,0
600,0.039099012,0
601,0.040737769,0
602,0.028411289,0
603,0.085065048,0
604,0.041151724,0
605,0.038605223,0
606,0.046288838,0
607,0.050340595,0
608,0.047995088,0
609,0.169511722,0
610,0.030621892,0
611,0.028668752,0
612,0.079024275,0
613,0.041810964,0
614,0.049088189,0
615,0.093023228,0
616,0.037647304,0
617,0.053966232,0
618,0.04962137,0
619,0.031669221,0
620,0.051115644,0
621,0.080237474,0
622,0.054307337,0
623,0.045376912,0
624,0.033837232,0
625,0.049141249,0
626,0.066298098,0
627,0.05161466,0
628,0.059773251,0
629,0.039243895,0
630,0.051700602,0
631,0.034059685,0
632,0.042572635,0
633,0.037831121,0
634,0.055210659,0
635,0.262023461,1
636,0.052121953,0
637,0.140641493,0
638,0.082968493,1
639,0.059229445,0
640,0.068820176,0
641,0.081880109,1
642,0.068484234,0
643,0.068643924,0
644,0.13200144,1
645,0.047414202,0
646,0.03037743,0
647,0.055496867,0
648,0.034308214,0
649,0.029622025,0
650,0.062895862,0
651,0.054143914,0
652,0.050555246,0
653,0.051687035,0
654,0.032832109,0
655,0.076553186,0
656,0.049870039,0
657,0.156184472,0
658,0.051991785,0
659,0.059229445,0
660,0.3253436,0
661,0.037207237,0
662,0.061240031,0
663,0.053484366,0
664,0.049902933,0
665,0.037978374,0
666,0.035270798,0
667,0.030608214,0
668,0.02947506,0
669,0.049565113,0
670,0.055589504,0
671,0.047802576,0
672,0.030035267,0
673,0.028152085,0
674,0.048031014,0
675,0.034244515,0
676,0.058223932,0
677,0.037176097,0
678,0.05140846,0
679,0.030712124,0
680,0.035152921,0
681,0.039644131,0
682,0.045870669,0
683,0.048777647,0
684,0.036599126,0
685,0.054731663,0
686,0.039003259,0
687,0.047925087,0
688,0.035152921,0
689,0.038987608,0
690,0.047633329,0
691,0.05599854,0
692,0.035152921,0
693,0.054440666,0
694,0.028903713,0
695,0.06714858,0
696,0.056695905,0
697,0.065941423,0
698,0.034808839,0
699,0.036499837,0
700,0.035270798,0
701,0.077577491,0
702,0.03550233,0
703,0.050578774,0
704,0.049660458,0
705,0.046288838,0
706,0.049539342,0
707,0.036402066,0
708,0.053138231,0
709,0.056216178,0
710,0.046337069,0
711,0.028411289,0
712,0.071001512,0
713,0.041810964,0
714,0.062068144,0
715,0.041494109,0
716,0.043988833,0
717,0.034899173,0
718,0.045803216,0
719,0.048196907,0
720,0.03194903,0
721,0.04962137,0
722,0.045721771,0
723,0.044947245,0
724,0.073517744,0
725,0.04548777,0
726,0.04548777,0
727,0.031669221,0
728,0.054440666,0
729,0.055346247,0
730,0.04961615,0
731,0.031669221,0
732,0.049038287,0
733,0.047208839,0
734,0.037421902,0
735,0.042628717,0
736,0.05370142,0
737,0.044417625,0
738,0.05370142,0
739,0.042891202,0
740,0.054607537,0
741,0.056358188,0
742,0.065174099,0
743,0.046637732,0
744,0.049008053,0
745,0.062364805,0
746,0.05434123,0
747,0.044952081,0
748,0.080806297,0
749,0.05434123,0
750,0.073261717,0
751,0.037940029,0
752,0.055186884,0
753,0.055897287,0
754,0.036402066,0
755,0.077038913,0
756,0.05434123,0
757,0.044952081,0
758,0.0457177,0
759,0.036402066,0
760,0.047240975,0
761,0.0596012,0
762,0.036402066,0
763,0.036402066,0
764,0.058039256,0
765,0.054422814,0
766,0.036402066,0
767,0.05434123,0
768,0.042696302,0
769,0.041674565,1
770,0.037940029,0
771,0.05434123,0
772,0.05796529,0
773,0.042696302,0
774,0.05161425,0
775,0.043610424,0
776,0.036402066,0
777,0.040973748,0
778,0.055419747,0
779,0.037027709,0
780,0.036402066,0
781,0.041682417,0
782,0.044952081,1
783,0.037940029,0
784,0.088245572,0
785,0.05380165,0
786,0.0483285,0
787,0.042903906,0
788,0.088197291,1
789,0.064918488,0
790,0.035814753,0
791,0.034059685,0
792,0.036113088,0
793,0.064894049,0
794,0.03550233,0
795,0.037033275,0
796,0.050753547,0
797,0.050905491,0
798,0.06714858,0
799,0.035814753,0
800,0.062422495,0
801,0.050905491,0
802,0.03550233,0
803,0.100593592,0
804,0.048137856,0
805,0.042083555,0
806,0.039006646,0
807,0.044233153,0
808,0.047055396,0
809,0.048342111,0
810,0.048342111,0
811,0.034059685,0
812,0.034059685,0
813,0.042083555,0
814,0.146644654,0
815,0.049844276,0
816,0.034059685,0
817,0.058702721,0
818,0.034059685,0
819,0.042083555,0
820,0.034646517,0
821,0.065158502,1
822,0.038138227,0
823,0.039076798,0
824,0.088708246,0
825,0.046288838,0
826,0.039076798,0
827,0.055940842,0
828,0.038138227,0
829,0.047269662,0
830,0.042918238,1
831,0.105763821,0
832,0.042918238,0
833,0.046288838,0
834,0.095454897,0
835,0.048297095,0
836,0.057109703,0
837,0.043319872,0
838,0.042223656,0
839,0.06885514,0
840,0.069140917,0
841,0.061371646,0
842,0.042223656,0
843,0.060360456,0
844,0.042944895,0
845,0.053404669,0
846,0.040519363,0
847,0.063381854,0
848,0.074806737,0
849,0.080177026,0
850,0.06675468,0
851,0.056216178,0
852,0.058540416,1
853,0.058540416,0
854,0.07055808,0
855,0.266508185,0
856,0.133509616,0
857,0.057224491,1
858,0.166364407,1
859,0.080547089,0
860,0.067576406,0
861,0.064918149,0
862,0.059229445,0
863,0.059229445,0
864,0.089539865,0
865,0.059229445,1
866,0.083787972,0
867,0.066357425,0
868,0.083787972,0
869,0.056879503,1
870,0.057224491,0
871,0.080547089,0
872,0.071377835,0
873,0.085644449,0
874,0.171497662,0
875,0.056879503,0
876,0.072468294,0
877,0.060222902,0
878,0.056879503,0
879,0.060222902,0
880,0.061525478,0
881,0.056879503,0
882,0.059229445,0
883,0.069256094,0
884,0.091445515,0
885,0.089385624,0
886,0.076553186,0
887,0.093763879,0
888,0.102408389,0
889,0.11208507,0
890,0.093763879,0
891,0.072852677,0
892,0.08313847,0
893,0.070002449,0
894,0.046262072,0
895,0.067125005,0
896,0.05026186,0
897,0.034808839,0
898,0.09474721,1
899,0.043550111,0
900,0.036427511,1
901,0.037567563,0
902,0.033837232,0
903,0.034059685,0
904,0.035855287,0
905,0.048722472,0
906,0.035855287,0
907,0.030902848,0
908,0.04962137,0
909,0.08694724,0
910,0.068362409,0
911,0.044696584,0
912,0.03037743,0
913,0.055649657,0
914,0.072582095,0
915,0.031835745,0
916,0.038212443,0
917,0.035877722,0
918,0.031669221,0
919,0.028411289,0
920,0.042479407,0
921,0.046399193,0
922,0.047925087,0
923,0.037940029,0
924,0.056695905,0
925,0.060928963,0
926,0.036282023,0
927,0.03037743,0
928,0.040340152,0
929,0.035270798,0
930,0.035769349,0
931,0.0484423,0
932,0.049038287,0
933,0.032624475,0
934,0.067729873,0
935,0.052395432,0
936,0.057469789,0
937,0.029622025,0
938,0.037597061,0
939,0.059887233,0
940,0.031669221,0
941,0.052969459,0
942,0.032702972,0
943,0.068895108,0
944,0.056918416,0
945,0.045583668,0
946,0.031294978,0
947,0.04998627,0
948,0.029622025,0
949,0.049797538,0
950,0.052550105,0
951,0.041810964,0
952,0.042586585,0
953,0.03593952,0
954,0.028411289,0
955,0.0401726,0
956,0.084745399,0
957,0.061888448,0
958,0.029622025,0
959,0.039801555,0
960,0.030134783,0
961,0.062925643,0
962,0.037567563,0
963,0.04962137,0
964,0.029696447,0
965,0.04962137,0
966,0.041810964,0
967,0.050578774,0
968,0.053016207,0
969,0.04962137,0
970,0.037567563,0
971,0.062207079,0
972,0.060689588,0
973,0.064327044,0
974,0.050753547,0
975,0.041810964,0
976,0.033040536,0
977,0.059604787,0
978,0.031669221,0
979,0.037408831,0
980,0.034448179,0
981,0.043780296,0
982,0.046337069,0
983,0.036962167,0
984,0.035024935,0
985,0.063895861,0
986,0.058755945,1
987,0.031669221,0
988,0.037885997,0
989,0.03402826,0
990,0.06767657,0
991,0.086439492,1
992,0.058901191,0
993,0.056564303,0
994,0.029884304,0
995,0.033200531,0
996,0.033879649,1
997,0.054654838,0
998,0.056695905,0
999,0.031669221,0
1000,0.04300134,0
1001,0.073336388,0
1002,0.038693621,0
1003,0.029622025,0
1004,0.056461376,0
1005,0.152263176,0
1006,0.052363626,0
1007,0.052135039,0
1008,0.031155799,0
1009,0.086696221,0
1010,0.051369058,0
1011,0.029622025,0
1012,0.04707245,0
1013,0.146824303,0
1014,0.035152921,0
1015,0.044474454,0
1016,0.03037743,0
1017,0.028411289,0
1018,0.037940029,0
1019,0.044534197,1
1020,0.059924601,0
1021,0.033879649,0
1022,0.03775495,0
1023,0.042489046,0
1024,0.037640438,0
1025,0.05434123,0
1026,0.059229445,0
1027,0.063182718,0
1028,0.037408831,0
1029,0.075925958,0
1030,0.041810964,0
1031,0.042626238,0
1032,0.047633329,0
1033,0.046399193,0
1034,0.095031785,0
1035,0.036962167,0
1036,0.056695905,0
1037,0.056934302,0
1038,0.033266839,0
1039,0.04962137,0
1040,0.056879503,0
1041,0.092789182,1
1042,0.091515397,0
1043,0.042586585,0
1044,0.043401514,0
1045,0.044760677,0
1046,0.059800554,0
1047,0.089741995,0
1048,0.04962137,0
1049,0.030902848,0
1050,0.029622025,0
1051,0.04962137,0
1052,0.052135039,0
1053,0.037408831,0
1054,0.042083555,1
1055,0.044534197,0
1056,0.031669221,0
1057,0.067212137,0
1058,0.031669221,0
1059,0.03524873,0
1060,0.03037743,0
1061,0.035270798,0
1062,0.050462315,0
1063,0.033947095,0
1064,0.042083555,0
1065,0.03201276,0
1066,0.030207118,0
1067,0.03037743,0
1068,0.046288838,0
1069,0.047474233,0
1070,0.031669221,0
1071,0.036267609,0
1072,0.03037743,0
1073,0.059549778,0
1074,0.035152921,0
1075,0.039947204,0
1076,0.031294978,0
1077,0.165466368,0
1078,0.040252051,0
1079,0.044822781,0
1080,0.041810964,0
1081,0.03037743,0
1082,0.048947398,0
1083,0.031561215,0
1084,0.074364683,0
1085,0.035152921,0
1086,0.079024275,0
1087,0.031669221,0
1088,0.033837232,0
1089,0.028411289,0
1090,0.034420367,0
1091,0.049038287,0
1092,0.048869979,0
1093,0.040252051,0
1094,0.035152921,0
1095,0.067448163,0
1096,0.086621084,0
1097,0.039574167,0
1098,0.038992772,0
1099,0.037567563,0
1100,0.061870003,0
1101,0.032624475,0
1102,0.064327044,1
1103,0.060928963,0
1104,0.047028788,0
1105,0.039335113,0
1106,0.052501068,0
1107,0.05026186,0
1108,0.101478649,0
1109,0.047633329,0
1110,0.031669221,0
1111,0.039503927,0
1112,0.031669221,0
1113,0.03037743,0
1114,0.038693621,0
1115,0.037860995,0
1116,0.047633329,0
1117,0.047633329,0
1118,0.053016207,0
1119,0.035270798,0
1120,0.061705853,0
1121,0.056445419,0
1122,0.033837232,0
1123,0.042586585,0
1124,0.042279195,0
1125,0.035757891,0
1126,0.045492389,0
1127,0.031294978,0
1128,0.057781509,0
1129,0.029622025,0
1130,0.028411289,0
1131,0.053016207,0
1132,0.050427754,0
1133,0.079024275,0
1134,0.031669221,0
1135,0.068362409,0
1136,0.035152921,0
1137,0.035152921,0
1138,0.032624475,0
1139,0.047633329,0
1140,0.039505079,0
1141,0.036193325,0
1142,0.053539967,0
1143,0.128401456,0
1144,0.036962167,0
1145,0.038919242,0
1146,0.051001128,0
1147,0.03037743,0
1148,0.028411289,0
1149,0.03037743,0
1150,0.041810964,0
1151,0.043313743,0
1152,0.070841416,0
1153,0.032624475,1
1154,0.046839676,0
1155,0.044474454,0
1156,0.037117493,0
1157,0.033122837,0
1158,0.050606251,0
1159,0.044947245,0
1160,0.051462983,0
1161,0.034047508,0
1162,0.028411289,0
1163,0.03037743,0
1164,0.038693621,0
1165,0.051139953,0
1166,0.047685247,1
1167,0.049038287,0
1168,0.061810781,1
1169,0.035611639,0
1170,0.125367884,0
1171,0.049588797,0
1172,0.061769627,0
1173,0.04962137,0
1174,0.089894282,0
1175,0.041273983,0
1176,0.069921493,0
1177,0.072079694,0
1178,0.056695905,0
1179,0.053656615,0
1180,0.07145986,0
1181,0.028411289,0
1182,0.042489046,0
1183,0.031669221,0
1184,0.033837232,1
1185,0.04707245,0
1186,0.035152921,0
1187,0.042559539,0
1188,0.034808839,0
1189,0.051586691,0
1190,0.031669221,0
1191,0.056472161,0
1192,0.03201276,0
1193,0.040370335,0
1194,0.078157,0
1195,0.037281614,1
1196,0.03935704,0
1197,0.029622025,0
1198,0.058517514,0
1199,0.040422086,0
1200,0.048525539,0
1201,0.058615268,0
1202,0.058441729,0
1203,0.056967037,0
1204,0.04879821,0
1205,0.085662926,0
1206,0.034059685,0
1207,0.034059685,0
1208,0.072975339,0
1209,0.052669074,0
1210,0.059977633,0
1211,0.063122681,0
1212,0.063861987,0
1213,0.059268328,0
1214,0.062238679,0
1215,0.082421968,0
1216,0.035757891,0
1217,0.067951311,0
1218,0.045146524,0
1219,0.052072681,0
1220,0.033211328,0
1221,0.049338118,0
1222,0.116872296,0
1223,0.028903713,0
1224,0.04581082,0
1225,0.036884704,0
1226,0.039948949,0
1227,0.038757291,0
1228,0.041273288,0
1229,0.031669221,0
1230,0.040519363,0
1231,0.064358623,1
1232,0.095951977,1
1233,0.059395468,0
1234,0.031294978,0
1235,0.072079694,0
1236,0.036664746,0
1237,0.034951264,0
1238,0.047633329,0
1239,0.048445686,0
1240,0.044952081,0
1241,0.04962137,0
1242,0.034118085,0
1243,0.077379611,0
1244,0.032624475,0
1245,0.050555246,0
1246,0.026919378,0
1247,0.044805825,0
1248,0.047633329,0
1249,0.184220559,0
1250,0.033837232,0
1251,0.054448835,1
1252,0.050899439,0
1253,0.054440666,0
1254,0.032624475,0
1255,0.032017678,0
1256,0.117983985,0
1257,0.032300463,0
1258,0.059924601,0
1259,0.026919378,0
1260,0.037123586,0
1261,0.057512788,0
1262,0.04041279,0
1263,0.030483117,0
1264,0.064607779,0
1265,0.068456269,0
1266,0.038693621,0
1267,0.049638732,0
1268,0.028852272,0
1269,0.033266839,0
1270,0.077072727,0
1271,0.049137243,0
1272,0.044952081,0
1273,0.037940029,0
1274,0.050221278,0
1275,0.076645312,0
1276,0.036402066,0
1277,0.040616581,0
1278,0.05925349,0
1279,0.04809858,0
1280,0.055419747,0
1281,0.038466143,0
1282,0.048043618,0
1283,0.047281664,1
1284,0.052514655,0
1285,0.042083555,0
1286,0.034059685,1
1287,0.038013705,0
1288,0.073166532,0
1289,0.078656763,0
1290,0.06885514,0
1291,0.069383334,0
1292,0.040519363,0
1293,0.041140322,0
1294,0.074771421,0
1295,0.056216178,0
1296,0.117099508,0
1297,0.067573762,0
1298,0.059229445,0
1299,0.061825916,0
1300,0.080315844,0
1301,0.03398605,0
1302,0.04962137,0
1303,0.04025043,0
1304,0.04202388,0
1305,0.03550233,0
1306,0.054291268,0
1307,0.186886189,0
1308,0.032538509,0
1309,0.041484623,0
1310,0.040737769,0
1311,0.076497785,0
1312,0.053404669,0
1313,0.029215074,0
1314,0.064347268,0
1315,0.046444757,0
1316,0.046529505,0
1317,0.057021751,0
1318,0.033100029,0
1319,0.048137856,0
1320,0.037567563,0
1321,0.038414594,0
1322,0.029033745,0
1323,0.035345509,0
1324,0.088477879,0
1325,0.029033745,0
1326,0.083424711,0
1327,0.046839676,0
1328,0.030960205,0
1329,0.050987347,0
1330,0.030134783,0
1331,0.047772382,0
1332,0.03221624,0
1333,0.06143639,0
1334,0.052395432,0
1335,0.230622033,0
1336,0.069043979,1
1337,0.049065852,0
1338,0.046291327,0
1339,0.049038287,0
1340,0.04300134,0
1341,0.144247753,0
1342,0.031669221,0
1343,0.034662182,0
1344,0.047050364,0
1345,0.282228822,0
1346,0.086621084,0
1347,0.058631751,0
1348,0.079024275,0
1349,0.049222179,0
1350,0.067576406,0
1351,0.047976597,0
1352,0.052135039,0
1353,0.042586585,0
1354,0.054525602,0
1355,0.03037743,0
1356,0.039270846,0
1357,0.044763599,0
1358,0.048195054,0
1359,0.05905745,0
1360,0.061023188,0
1361,0.037940029,1
1362,0.116331182,1
1363,0.037940029,0
1364,0.038961118,0
1365,0.041178352,0
1366,0.042802508,0
1367,0.040633932,0
1368,0.04266458,0
1369,0.050905491,0
1370,0.058474882,0
1371,0.036113088,0
1372,0.039006646,0
1373,0.034059685,0
1374,0.048137856,0
1375,0.034059685,0
1376,0.070729871,0
1377,0.039076798,0
1378,0.041647163,0
1379,0.045106116,0
1380,0.055940842,1
1381,0.075948399,0
1382,0.052108054,0
1383,0.112252925,0
1384,0.064874364,0
1385,0.040519363,0
1386,0.06675468,0
1387,0.0638525,0
1388,0.063237878,0
1389,0.066122828,0
1390,0.072559341,0
1391,0.052535818,0
1392,0.076553186,0
1393,0.039644131,0
1394,0.048675267,0
1395,0.040646826,0
1396,0.041810964,0
1397,0.051438047,0
1398,0.140078457,0
1399,0.037567563,0
1400,0.056695905,0
1401,0.063253157,0
1402,0.044645648,0
1403,0.037567563,0
1404,0.0410323,0
1405,0.047634021,0
1406,0.047483111,0
1407,0.05816126,0
1408,0.041691174,0
1409,0.060961092,0
1410,0.05035738,0
1411,0.061372856,0
1412,0.038753179,0
1413,0.03037743,0
1414,0.04962137,1
1415,0.045721771,0
1416,0.033127334,0
1417,0.055044263,0
1418,0.03037743,0
1419,0.077882084,0
1420,0.033530234,0
1421,0.155773236,0
1422,0.028068374,0
1423,0.054885469,0
1424,0.059604787,0
1425,0.029696447,0
1426,0.037567563,0
1427,0.031669221,0
1428,0.046399193,0
1429,0.050551981,0
1430,0.050462315,0
1431,0.055316187,0
1432,0.036437899,0
1433,0.044424315,0
1434,0.036282023,0
1435,0.057633313,0
1436,0.059319883,0
1437,0.068018284,0
1438,0.053061245,0
1439,0.028036695,0
1440,0.064327044,1
1441,0.057423905,0
1442,0.047523638,0
1443,0.03037743,0
1444,0.071060746,0
1445,0.04962137,0
1446,0.036368561,0
1447,0.073885107,0
1448,0.064327044,0
1449,0.064327044,0
1450,0.032961664,0
1451,0.03037743,0
1452,0.037567563,0
1453,0.029622025,0
1454,0.038753179,0
1455,0.060961092,0
1456,0.070068952,0
1457,0.068135917,0
1458,0.029622025,0
1459,0.042011615,0
1460,0.051396916,0
1461,0.035668514,0
1462,0.041810964,0
1463,0.053061245,0
1464,0.045153173,0
1465,0.101733925,0
1466,0.037027709,0
1467,0.078448672,1
1468,0.046722138,0
1469,0.060693528,0
1470,0.037328864,0
1471,0.041003662,0
1472,0.034059685,0
1473,0.037494551,0
1474,0.048278147,0
1475,0.040519363,0
1476,0.053404669,0
1477,0.043170696,0
1478,0.092681034,0
1479,0.058540416,0
1480,0.059229445,0
1481,0.071377835,0
1482,0.065080764,0
1483,0.072852677,0
1484,0.041810964,0
1485,0.087890599,0
1486,0.059368075,0
1487,0.101582701,0
1488,0.032624475,0
1489,0.041373385,0
1490,0.044696584,0
1491,0.063433009,0
1492,0.039183948,0
1493,0.058540416,0
1494,0.058521331,0
1495,0.037567563,0
1496,0.054492078,0
1497,0.035152921,0
1498,0.041810964,0
1499,0.060811433,0
1500,0.035769349,0
1501,0.111717846,0
1502,0.037567563,0
1503,0.031669221,0
1504,0.03037743,1
1505,0.047574465,0
1506,0.028411289,0
1507,0.030210454,0
1508,0.038545796,0
1509,0.042388392,0
1510,0.032624475,0
1511,0.048600311,0
1512,0.033947095,0
1513,0.033305358,0
1514,0.047633329,0
1515,0.065638962,0
1516,0.056695905,0
1517,0.047633329,0
1518,0.035843225,0
1519,0.042388392,0
1520,0.041409661,0
1521,0.040620923,0
1522,0.047574465,0
1523,0.047633329,0
1524,0.035152921,0
1525,0.041336934,0
1526,0.037697293,0
1527,0.030134783,0
1528,0.050427754,0
1529,0.039003259,0
1530,0.041356325,0
1531,0.050106238,0
1532,0.04962137,0
1533,0.047633329,0
1534,0.036282023,0
1535,0.053804159,0
1536,0.03037743,0
1537,0.059924601,0
1538,0.033947095,0
1539,0.042148986,0
1540,0.04962137,0
1541,0.052643251,1
1542,0.04962137,0
1543,0.043910315,0
1544,0.04636049,0
1545,0.100264881,0
1546,0.086621084,0
1547,0.042586585,0
1548,0.064762053,0
1549,0.065435745,0
1550,0.03037743,0
1551,0.037597061,0
1552,0.0485517,1
1553,0.045836156,0
1554,0.08988486,0
1555,0.048357816,0
1556,0.042223656,0
1557,0.045174573,0
1558,0.036402066,0
1559,0.037940029,0
1560,0.03136498,0
1561,0.05434123,0
1562,0.037940029,1
1563,0.037940029,0
1564,0.058289098,0
1565,0.041923344,0
1566,0.05089159,0
1567,0.041764724,0
1568,0.048342111,0
1569,0.054313579,0
1570,0.034585218,0
1571,0.037726667,0
1572,0.09931795,0
1573,0.059229445,0
1574,0.080999267,0
1575,0.050890854,0
1576,0.066470223,0
1577,0.060032358,0
1578,0.132745322,0
1579,0.063237878,0
1580,0.112151123,0
1581,0.03194903,1
1582,0.038556075,0
1583,0.031669221,0
1584,0.080699634,0
1585,0.03194903,0
1586,0.044947245,0
1587,0.122643166,1
1588,0.042802508,0
1589,0.057512788,0
1590,0.04962137,0
1591,0.069684212,0
1592,0.034308482,0
1593,0.037371045,0
1594,0.04548777,0
1595,0.065957592,0
1596,0.04379216,0
1597,0.041651746,0
1598,0.036598966,0
1599,0.054987895,0
1600,0.047633329,0
1601,0.041810964,0
1602,0.055968889,0
1603,0.03037743,0
1604,0.055911513,0
1605,0.031835745,0
1606,0.07756256,0
1607,0.030902848,0
1608,0.089894282,0
1609,0.088380912,0
1610,0.05665733,0
1611,0.035611639,0
1612,0.051231246,0
1613,0.046100278,0
1614,0.028411289,0
1615,0.143736753,0
1616,0.054670129,0
1617,0.04318479,1
1618,0.038693621,0
1619,0.037567563,0
1620,0.066888188,0
1621,0.071824285,0
1622,0.041810964,0
1623,0.038693621,0
1624,0.069257448,1
1625,0.034692615,0
1626,0.038693621,0
1627,0.079090158,0
1628,0.033466268,0
1629,0.037117493,0
1630,0.050427754,0
1631,0.037567563,0
1632,0.027141209,0
1633,0.044747772,0
1634,0.027307605,0
1635,0.024719684,0
1636,0.054771721,0
1637,0.036235144,0
1638,0.024719684,0
1639,0.05117273,0
1640,0.044747772,0
1641,0.034284251,0
1642,0.029472576,0
1643,0.028885938,0
1644,0.052095598,0
1645,0.041739178,0
1646,0.028444455,0
1647,0.041736643,0
1648,0.037034106,0
1649,0.046745954,0
1650,0.046637732,0
1651,0.074205109,0
1652,0.049523916,0
1653,0.117468294,0
1654,0.049523916,0
1655,0.039108797,0
1656,0.06675444,0
1657,0.072558447,0
1658,0.051664925,0
1659,0.075826414,0
1660,0.047488398,0
1661,0.04595753,1
1662,0.066808452,1
1663,0.053465271,0
1664,0.063784753,0
1665,0.081822376,0
1666,0.090455913,0
1667,0.081337243,0
1668,0.071587978,0
1669,0.058462287,0
1670,0.040592015,0
1671,0.03351898,0
1672,0.053131174,1
1673,0.037640438,0
1674,0.029362935,0
1675,0.051664925,0
1676,0.089637602,0
1677,0.046001717,0
1678,0.042360808,0
1679,0.098971651,0
1680,0.051714302,0
1681,0.034376949,0
1682,0.033725649,0
1683,0.069671965,0
1684,0.03965586,0
1685,0.044747772,0
1686,0.029362935,0
1687,0.047360943,0
1688,0.126924832,0
1689,0.037640438,0
1690,0.029362935,0
1691,0.049062759,0
1692,0.038544133,0
1693,0.041420932,0
1694,0.033796457,0
1695,0.035737842,0
1696,0.046855497,0
1697,0.039193688,0
1698,0.042422655,0
1699,0.046186595,0
1700,0.025149782,0
1701,0.038414486,0
1702,0.057824603,0
1703,0.069433792,1
1704,0.030436799,0
1705,0.029871346,1
1706,0.032011369,0
1707,0.051475792,0
1708,0.094853393,0
1709,0.034346917,0
1710,0.034969534,0
1711,0.068525351,0
1712,0.056232949,0
1713,0.050003737,0
1714,0.057615014,1
1715,0.056034594,0
1716,0.034876557,0
1717,0.042946165,0
1718,0.03776633,0
1719,0.051164885,0
1720,0.086129813,0
1721,0.097341457,1
1722,0.037640438,0
1723,0.03749648,0
1724,0.110700978,0
1725,0.031417612,0
1726,0.039704548,0
1727,0.044747772,0
1728,0.027576268,0
1729,0.057312054,0
1730,0.025373499,0
1731,0.032297739,0
1732,0.05844125,0
1733,0.073399913,0
1734,0.033796457,0
1735,0.14200035,1
1736,0.046001717,0
1737,0.042735988,0
1738,0.083625609,0
1739,0.038474718,0
1740,0.048035164,0
1741,0.046894707,0
1742,0.036114164,0
1743,0.057224491,0
1744,0.04503861,0
1745,0.044747772,0
1746,0.047496556,0
1747,0.03776633,0
1748,0.039117823,0
1749,0.044747772,0
1750,0.028599716,0
1751,0.045003792,0
1752,0.040670762,0
1753,0.052682663,0
1754,0.043225824,0
1755,0.028444455,0
1756,0.032603367,0
1757,0.031258379,0
1758,0.05330568,0
1759,0.029919138,0
1760,0.028444455,0
1761,0.030727108,0
1762,0.041865581,0
1763,0.04503861,0
1764,0.045805633,0
1765,0.064114137,0
1766,0.061109251,0
1767,0.050637943,0
1768,0.05347345,0
1769,0.055525255,0
1770,0.064114137,0
1771,0.038744887,0
1772,0.049080563,0
1773,0.040377684,1
1774,0.075826414,0
1775,0.045188084,0
1776,0.061052628,0
1777,0.061052628,0
1778,0.056557384,0
1779,0.067779525,0
1780,0.062745029,0
1781,0.057224491,0
1782,0.063219424,0
1783,0.036476175,0
1784,0.023704426,0
1785,0.055002498,0
1786,0.046001717,0
1787,0.030082198,0
1788,0.053465271,0
1789,0.038013598,0
1790,0.023704426,0
1791,0.041845104,0
1792,0.041739178,0
1793,0.027612246,0
1794,0.056868315,0
1795,0.034730318,0
1796,0.051210126,0
1797,0.041575188,0
1798,0.05347345,1
1799,0.037640438,0
1800,0.025149782,0
1801,0.04475468,0
1802,0.041420932,0
1803,0.027416664,0
1804,0.046001717,0
1805,0.039873246,0
1806,0.052912457,0
1807,0.046488373,0
1808,0.040667747,0
1809,0.047925087,0
1810,0.024117296,0
1811,0.056461376,0
1812,0.069443578,0
1813,0.043916921,0
1814,0.041865581,0
1815,0.035838866,0
1816,0.030436799,0
1817,0.047360943,0
1818,0.05035738,0
1819,0.059111601,0
1820,0.039823901,0
1821,0.044747772,0
1822,0.046921591,0
1823,0.059111601,0
1824,0.051910328,0
1825,0.044747772,0
1826,0.03090822,0
1827,0.056766052,0
1828,0.028349882,0
1829,0.031731032,0
1830,0.060928202,1
1831,0.052588028,1
1832,0.04519138,0
1833,0.030436799,1
1834,0.027189685,0
1835,0.048738759,0
1836,0.063240612,0
1837,0.054938734,0
1838,0.037640438,0
1839,0.034096825,0
1840,0.041807192,0
1841,0.087204273,0
1842,0.048357816,0
1843,0.052798837,0
1844,0.026861107,0
1845,0.034939551,0
1846,0.116294368,0
1847,0.036235144,0
1848,0.069671965,0
1849,0.046001717,0
1850,0.05879512,0
1851,0.03776633,0
1852,0.039878584,0
1853,0.054771721,0
1854,0.032297739,0
1855,0.043084284,0
1856,0.05161415,0
1857,0.026861107,0
1858,0.075640486,0
1859,0.075437163,0
1860,0.028101151,0
1861,0.04969844,0
1862,0.035799318,0
1863,0.041865581,0
1864,0.033357839,0
1865,0.028444455,0
1866,0.030372982,0
1867,0.035193673,0
1868,0.04503861,0
1869,0.038347242,0
1870,0.042911163,0
1871,0.058543886,0
1872,0.061109251,0
1873,0.05347345,0
1874,0.058572832,0
1875,0.049523916,0
1876,0.136972774,0
1877,0.057948913,0
1878,0.055295078,0
1879,0.05371181,0
1880,0.062722353,0
1881,0.058001901,1
1882,0.057224491,0
1883,0.057224491,0
1884,0.057224491,0
1885,0.058186399,0
1886,0.044602218,0
1887,0.042435481,0
1888,0.035454651,0
1889,0.047925087,0
1890,0.035681692,0
1891,0.05494945,0
1892,0.068627839,0
1893,0.029362935,0
1894,0.072493727,0
1895,0.053384385,0
1896,0.058271665,0
1897,0.034346917,0
1898,0.141472164,0
1899,0.030436799,0
1900,0.04461996,0
1901,0.03314499,0
1902,0.026693987,0
1903,0.05366913,0
1904,0.029362935,0
1905,0.04707245,0
1906,0.043227566,0
1907,0.044747772,0
1908,0.046681408,0
1909,0.023704426,0
1910,0.036338592,0
1911,0.053137023,0
1912,0.046490698,0
1913,0.069988871,0
1914,0.05874709,0
1915,0.042442048,0
1916,0.027822483,0
1917,0.067564353,0
1918,0.04475468,0
1919,0.024074162,0
1920,0.023704426,0
1921,0.03629542,0
1922,0.047925087,0
1923,0.049762303,0
1924,0.050003737,0
1925,0.049161726,0
1926,0.053131174,0
1927,0.044280878,0
1928,0.049213168,0
1929,0.045456424,0
1930,0.056766052,0
1931,0.040000599,0
1932,0.030436799,0
1933,0.031731032,0
1934,0.051969633,0
1935,0.048425276,0
1936,0.056100665,0
1937,0.030436799,0
1938,0.045370837,0
1939,0.032651369,0
1940,0.061666522,0
1941,0.06327792,0
1942,0.037640438,0
1943,0.032011369,0
1944,0.024948376,0
1945,0.062360026,1
1946,0.028472686,0
1947,0.054904648,0
1948,0.049904414,0
1949,0.033199194,0
1950,0.038751507,0
1951,0.030811349,0
1952,0.041026053,0
1953,0.033651487,0
1954,0.060733363,0
1955,0.037640438,0
1956,0.045456424,0
1957,0.03809789,0
1958,0.037796451,0
1959,0.045456424,1
1960,0.034170336,0
1961,0.030764778,0
1962,0.030901946,0
1963,0.043627589,0
1964,0.046009589,0
1965,0.041637754,0
1966,0.041366621,0
1967,0.045847808,0
1968,0.052419606,0
1969,0.052106837,0
1970,0.067667536,0
1971,0.031712554,1
1972,0.042417606,0
1973,0.035717116,0
1974,0.052171694,0
1975,0.048065716,0
1976,0.051055718,0
1977,0.038355452,0
1978,0.057298437,0
1979,0.063851813,0
1980,0.0753218,0
1981,0.045483953,0
1982,0.0455914,0
1983,0.050726434,0
1984,0.073370522,0
1985,0.067779525,0
1986,0.059039697,0
1987,0.055219824,0
1988,0.062625703,0
1989,0.089739062,0
1990,0.097444071,1
1991,0.066875032,0
1992,0.06367227,0
1993,0.032770718,0
1994,0.044293983,0
1995,0.04430622,1
1996,0.066518356,0
1997,0.029670378,0
1998,0.059973224,1
1999,0.032770718,0
2000,0.02535856,0
2001,0.051969633,1
2002,0.030052652,1
2003,0.043111742,0
2004,0.024022988,0
2005,0.047925087,0
2006,0.039001858,0
2007,0.030829218,0
2008,0.045456424,0
2009,0.042013191,0
2010,0.046081776,0
2011,0.027400556,0
2012,0.043203154,0
2013,0.042451923,0
2014,0.045456424,0
2015,0.02505154,0
2016,0.044661614,0
2017,0.03235844,0
2018,0.044296626,0
2019,0.038139067,0
2020,0.031565769,0
2021,0.029855561,0
2022,0.026442746,0
2023,0.03542847,0
2024,0.108491354,0
2025,0.054012425,0
2026,0.029132623,0
2027,0.03260718,0
2028,0.029767129,0
2029,0.028584446,0
2030,0.028319952,0
2031,0.029079782,0
2032,0.054771721,0
2033,0.025274406,0
2034,0.025328466,0
2035,0.079617212,0
2036,0.034575396,0
2037,0.085680229,0
2038,0.042787476,0
2039,0.030642097,0
2040,0.02579948,0
2041,0.052588753,0
2042,0.080390454,0
2043,0.024022988,0
2044,0.044722755,0
2045,0.046009589,0
2046,0.052588753,0
2047,0.030219631,0
2048,0.052566675,0
2049,0.02708787,0
2050,0.041714094,0
2051,0.026646033,0
2052,0.040370335,0
2053,0.04101264,0
2054,0.029916112,0
2055,0.049055743,0
2056,0.060032259,0
2057,0.039695487,0
2058,0.033037474,0
2059,0.032337563,0
2060,0.030052652,0
2061,0.03567518,0
2062,0.049844276,0
2063,0.054265638,0
2064,0.053076265,0
2065,0.039317153,0
2066,0.054198112,0
2067,0.070173425,0
2068,0.078658562,0
2069,0.037088576,0
2070,0.042944895,0
2071,0.045792173,0
2072,0.048278147,0
2073,0.04846324,0
2074,0.06135016,0
2075,0.049625882,0
2076,0.054849007,0
2077,0.226842026,0
2078,0.041061274,0
2079,0.044797583,0
2080,0.026442746,0
2081,0.026442746,0
2082,0.059111601,0
2083,0.051569467,0
2084,0.032805907,0
2085,0.034404833,0
2086,0.038155336,0
2087,0.043627589,0
2088,0.040711521,0
2089,0.052497999,1
2090,0.066888188,0
2091,0.041261753,0
2092,0.037640438,0
2093,0.10697385,0
2094,0.040370335,0
2095,0.04101264,0
2096,0.036682158,0
2097,0.043628225,0
2098,0.055223786,0
2099,0.039242326,0
2100,0.052948644,0
2101,0.04566152,0
2102,0.115522118,0
2103,0.042274805,0
2104,0.028068374,0
2105,0.026442746,0
2106,0.029802335,0
2107,0.03231692,0
2108,0.038839285,0
2109,0.039736801,0
2110,0.048093324,0
2111,0.035832534,0
2112,0.041506943,0
2113,0.03827518,0
2114,0.038937761,0
2115,0.05467588,0
2116,0.041165102,0
2117,0.032269463,0
2118,0.03786244,0
2119,0.034359455,0
2120,0.02535856,0
2121,0.047482401,0
2122,0.034404833,0
2123,0.035411715,0
2124,0.04797482,0
2125,0.044280739,0
2126,0.048639302,0
2127,0.045503718,0
2128,0.035832534,0
2129,0.061618124,0
2130,0.046001717,1
2131,0.053455367,0
2132,0.048544801,0
2133,0.03095397,0
2134,0.03827518,0
2135,0.03672415,0
2136,0.02505154,0
2137,0.05136895,0
2138,0.035411715,0
2139,0.037356215,0
2140,0.037379668,0
2141,0.031399229,0
2142,0.043250903,0
2143,0.057302571,1
